uid,bio
470974088216,"Thriving in the gym, cheering at the sports arena or melting into a comfy couch for a movie marathon, wherever you spot me, you'll find me wearing my unique sense of humor and sincerity. Dinner and music concerts are my top choices for a lovely night. Not so secretly hoping to find someone who also finds joy in exercise, sports, and most importantly, TV and movies."
377531038735,"Intellectual Yet Idiosyncratic: That's the tagline of my life. Salutations! I'm a lover of fine dining, theater, and literature. Intelligence? A 10/10, but I'm also a solid 7 in the looks department. My interests span from silence-filled art museums to the pulsing life of clubbing. Ambition doesn't define me, because such temporal pursuits often overlook the art of living. I aim for a mindful existence, because life is too important to be taken seriously. If you think we can share a laugh, a painting, or a good book, do hit me up!"
904356017601,"Between the art galleries and theaters, the concert halls and the mountain trails, the deliciously set dining tables and the enchanting pages of a book, you'll find me - a lover of culture, nature and intellectual pursuits. Not one to boast, but my attributes read something like - 9/10 intelligence, 8/10 ambition, 7/10 humor, 8/10 sincerity and 7/10 attractiveness. Sports and shopping, however, are my kryptonite. Intrigued yet? Looking forward to sharing these experiences and more!"
241875085602,"Sporty? Check. Keen on museums and art? Absolutely. Desperately hopeless at shopping and yoga? You bet. I love nothing more than getting sweaty on a hike or laughing till it hurts. I guarantee stories of adventures, peppered with interesting art facts I’ve picked up along the way. Can’t wait to find that special someone who shares my love for sports and culture. My friends say I am genuine, smart and humorous! Give me a shout if you’re excited by that combo."
376556943326,"Do you obsess over Van Gogh's color palette or the fine tunings of the latest symphony? Then we might just be a match! I'm a lifelong lover of art, music, and anything that gets the critiquing part of my mind working overtime. Dominating the top score on Just Dance while jamming to Bruno Mar's hits? Yes, please!  Or maybe you're more of a theater or concert person? Either way, sign me up for the front row! And the joy of finishing a good book is not lost on me – nothing beats curling up with a suspense novel after a hard day's work. But be warned! I enjoy spontaneous shopping trips and indulging fancy meals. No, a Caesar salad won't cut it – I’m talking about a full-course meal with all the trimmings. Sushi and yoga go together right? I think so! P.S. I promise to make you laugh at least once a day!"
442846029935,"A maverick in my own right - I am an individual who believes in utilizing all frustrations on the dance floor in the club rather than the gym. My love for dining and interesting conversations about movies or theater productions dominates my social life. Naturally, these interests have enriched my intellectual leanings. Rated highly in attractiveness and humor, don't be surprised if my company leaves you entertained and intrigued."
228619901404,"Passionate sports follower, a voracious reader, an occasional movie buff, and a lover of all things music - that's who I am. Dip it all in some sincerity, sprinkle a bit of humor and coat it in intelligence; that's my recipe for life. With interests spanning from the living room to the outdoors, I’m hoping to find someone who can roll with me."
893265985235,"A sports fanatic with an undying love for live music, that's me in a nutshell! There's always time for exercise, whether it's for a big game or just staying fit. But life isn't all about the sporty side - I also find joy in dining at great places, exploring museums, and exposing myself to the world of art. I'm often found with a book in one hand and a remote control in the other, with laughter being my go-to language. I'm not your typical die-hard gamer, or an intense hiker - but when the occasion calls, I’m up for the challenge. If you're looking for someone with a bit of energy, smarts, and a whole lot of charm - well, here I am!"
405533056955,"I am: An active, intelligent individual who cherishes the beauty in art, culture, sports, and my local restaurants. You are: Looking for someone witty, ambitious, and genuine. Together, we could explore museums, have deep intellectual conversations, listen to our favourite music at concerts or maybe even at home on a chill day."
860315782520,"Adventuring the world of sports, marvelling at unique artworks, exploring the magic of theater and movies - welcome to my life. I've been described as 'attractive', 'sincere', 'smart' with a good sense of humor. Watch out though - my ambition might not be through the roof, but my passion for what I love is. Looking for someone who isn’t afraid to share that zest for life. Are you ready to join the journey?"
509979205051,"I believe life is most enjoyed with the finest food, the best tv shows, and blockbuster movies. Dining and relaxing before the TV are high forms of art in my book. I might not be a clubbing enthusiast or a yoga practitioner, but I have enough humor and ambition to keep things interesting. Sincere, witty, and purposeful, that's me, and yes, I do occasionally enjoy a good book, some music, or even a bout of gaming."
222389758252,"I'm a sports fanatic, an exercise addict, and a yoga enthusiast, reflecting in my love to keep myself physically active, fit, and healthy. My idea of perfect relaxation is gaming and clubbing, often followed by a sumptuous meal in great company. Yet, I value my alone time with a good movie, book, or appreciating fine art and exploring museums. Ever been described as attractive, smart, sincere, funny, and ambitious? Well, I have, and gladly so. If you're ready to meet someone breathtakingly wonderful, let's talk."
360707330912,"core! I'm the shooting three-pointer, the quarterback sneak, and the home run of your dreams! But don't let my love for sports fool you; I'm just as comfortable discussing literature, TV shows, and IMHO, I'm quite the music connoisseur. With a sincere heart, a razor sharp mind, an ambition to be reckoned with, and a laugh that lights up a room, I'm all set to play the game of love. Care to join?"
551850586197,"Well, get ready to meet a culture enthusiast who enjoys the finer things in life! Dining in chic restaurants, visiting art exhibitions, delving into compelling novels, and visiting museums - they all paint an elegant picture of my life. My TV isn't just for pretence, I actually enjoy a good series or film, and boy do I know my music. Have you ever tried yoga with a dash of humor? It's essentially my life motto."
868622948248,"I'm a connoisseur of fine arts, avid reader, and theatre lover, unapologetically into games, and a die-hard movie buff. I'm also an enthusiastic shopper. I'd rate myself a solid 5/10 on the attractiveness scale but hey, beauty is in the eye of the beholder, right? Known for my sincerity and ambition, I've got a good sense of humor to back it all up."
783796432822,"Highly energetic fitness enthusiast who simply can't say no to another game of any sport or another round of hiking up steep hills. My fiery passion for sporting activities is complemented well by my cool-headed approach to problem-solving, stemming from my sharp intellect, high self-confidence, and deep wells of sincerity. I also enjoy music, like grabbing a bite at gourmet dining spots, and catching great movies; always up for concerts and museum tours too! And hey, when I'm not outdoors or exploring culture, you'll find me lost in a good book or tapping away on my gaming console. Here's a fun fact: I score myself a solid 7/10 in the attractiveness department. Looking for a partner to match my active lifestyle and zest for life."
159789411810,"Greetings! Hailing from the land of sincere and self-sufficient folks, I am a fervent believer in seeking joy and growth in every endeavor. Books, movies, and TV constitute my holy trinity, closely followed by my amour for dining out, sports, and games (digital or not). Museums, theaters, and concerts are my sanctuaries, while clubbing is my chosen playground. If you are someone who loves humor, and looking for a partner who values ambition and sincerity- I believe we already have a few things in common. Here's to many more!"
871625094976,"Life enthusiast with a wide array of interests ranging from sports and exercise to theater and museums, from dining out to clubbing and movies. Scored high on attractiveness, sincerity, ambition, and humor. Yep, I'm quite the catch! Now I'm just looking for the perfect partner to share all these interests with."
431749995052,"Love getting sweaty with sports, workout routines, and clubbing alike. I'm as eager about visiting a museum as a game night at home. Always down for a good read, a hike or a yoga session to unwind. Can't say no to a good meal or an exciting dish prepared by my hands! If you have a taste for earnest laughter, good company, and shared ambitions, let's connect!"
502471685886,"Let's enjoy life's simple pleasures - a game-winning goal, a perfect steak, a melodic concert, or a soothing yoga class. Beyond that, I'm just your funny, sincere, and smart individual navigating life's twists and turns. Whether I'm enjoying my favorite sports, dining at fantastic places, losing myself in a great novel, or shopping for the best deals, I'm always up for a memorable experience. If you value ambition, curiosity and a great sense of humor, then we might just be a match."
219360362705,"Looking for a companion who shares my love of interesting reads, fine dining, the thrill of the club scene, and live music? Well, look no further. I also appreciate the allure of theater, movies, and concerts. My ambition is only rivaled by my intelligence and sincerity. Let’s make a connection."
925447563155,"Charming, sincere and ambitious – these qualities sum me up. Driven by an innate sense of curiosity, I love unraveling the mysteries hidden within art and museums. From indulging in gourmet food to retail therapy, hiking trips to TV binges - I love diversity. My intelligence is well-matched by my sense of humor and appetite for reading and music."
387004643452,"Versed in the art of culinary indulgence, I enjoy exploring new dishes as much as I love exploring literary genres. You'll often find me in the midst of my beloved books or practicing yoga. My musical interests match my shopping game, strong and intense. With a high intelligence and attractiveness rating, I've been known to captivate both minds and hearts."
887107955435,"If life was a video game, I'd be the character with the highest exercises and yoga buffs. But hey, don't let my love for gaming and reading scare you off. Art and museums? I'm your tour guide. Dining in or out? My delight. Think of me as your personal slice of heaven -  smart, sincere, ambitious, and brimming with humor. You ready for this adventure?"
633392941756,"Boasting a wide array of interests from theater to yoga, I'm surely not your average cookie-cutter profile. Majoring in movie appreciation, minor in sports fandom, with a deep interest in the dramatic arts, I'm your charming, sincere, and ambitious co-star waiting behind the curtains. Matching my scores are my values: wellness, honesty, and determination. Plus, I can hold my own on the sports field too! This dashing combination of art and athleticism makes me your MVP in life's theatre."
604861376907,"am an athletic, high-energy individual with a great sense of humor who's always down for a game of basketball or hiking adventure in the great outdoors. A clubbing enthusiast, I can be found exploring my city’s nightlife and gastronomic scene every weekend. Fan of art and museums, books and television, theater and films, I love immersing myself in different facets of culture. I am confident, intelligent and sincere, using these traits as stepping stones towards my ambitious goals. My ideal partner would share similar interests and possess an equal zest for life!"
424170555372,"Haven't hit a homerun but have scored in the realms of art and theater. Intelligent, sincere, humorous and ambitious. Not a fan of TV or Yoga. A critic and connoisseur in the making with a keen interest in museums. Exploring life through a new book every week, concert-going and hiking excursions."
759559317405,"Looking for a co-star in my Broadway of life. With high interest in theater, art, and museums, my life is a rich tapestry of cultural exploration, spiced up with the eclectic rhythm of music and the belly laughter of movies. I find moving my body whether hiking the beautiful outdoors or dancing in sync with nature through yoga helps me keep balance. Life's too interesting to be mundane - will you take a bite of this cultural feast with me?"
492716412104,"From courts to the club, nature trails to the newest restaurant in town, I embody the spirit of adventure. My love for TV, theatre and films is only rivalled by my adoration for sports, dynamic gigs and shopping sprees. Who can resist a good laugh, right? Concealed behind my magnetic humor is a striking ambition and a keen intelligence. Looking for someone who can keep up!"
196672589451,"f you were to ask me where I see myself happiest, I’d have to say inside a cozy cafe, engrossed in a page-turner, or losing track of time browsing eclectic art in a museum. I’m that friend who always knows the right movie to watch, the next concert to attend, or the new, hot-spot restaurant to try. I’m not only ambitious, but humorous and sincere to boot. Sport was never my calling, but a hike? Count me in!"
541051586099,"A symphony is made up of many different notes, and I like to think thats how I live my life. I harmonize a passion for art and music, fuse it with a good clubbing night, and also add a hint of digital strategy from my love for gaming. But it's not all about the glitz and glamour, I unwind with a lovely night of reading or appreciating a new movie or show. If you're someone who can enjoy a jazz club one day and a sports bar the next, then we might just make some beautiful music together!"
801902240868,"High on intelligence and humor, the gym is his second home while his first love will always be books and TV. A bite from his favorite restaurant while watching the latest movie is his idea of a good time. Museums, art galleries or hiking can also make it to his plan on a good day. Looking forward to meet someone who appreciates a genuine and sincere company."
973290654474,"Sincere, intellectual, and fit! Yes, I value my sports and TV sports that much. If you'd ask me about traveling, I’d ask if we can skip the shopping. Looking for a partner-in-crime, someone who won't mind skipping yoga and exploring a museum instead. I see myself as genuinely funny and humble in my abilities, so if you enjoy good banter and sharing interests in the couch cheering on a game, we might be a good match."
507587518613,"Fancy a blend of athleticism and intellectual sophistication? You're in the right place. I'm as much at home administering game-winning sports plays as I am appreciating the delicate brush strokes of a Monet. From hiking trails to dining tables, the gym to art galleries, my interests span wide and far. Just fair warning, I might drag you for a hike or to the newest exhibition in town. But fear not, my attention would still be focused on you despite my low interest in TV shows and mainstream music."
109267849144,"Sports enthusiast' is practically my middle name. Whether it's the adrenaline of being in the thick of it (interest in sports scored at 9) or the thrill of watching from afar (interest in TV sports scored at 7), count me in! But it's not all sports, sports, sports with me. I enjoy flexing my intellectual muscles by visiting museums (rate myself 8/10 there) or getting caught up in an engaging game (gaming scored 7/10). Just know, I can match my sincerity (8/10) and humour (8/10) to my gaming skills and love for sports. Ready for the challenge?"
373494866507,"In my world, sports reigns supreme. Hiking through the hills or clubbing downtown, even a quiet evening appreciating art, resonates the same thrill within me. With sincerity being my virtue and humor my armor, I believe in a perfect balance of ambition and intelligence in life. Yoga? Sign me up! If you’re looking for a partner who can charm up both the field and the club, let's climb this ladder together."
289851002125,"Scoring a 9.0 in both intelligence and humor ensures I'm your go-to for interesting and fun times at sports games or art exhibitions. My passion for dining and movies guarantees great meetups filled with laughter, engaging films, and delicious food. Being aware of my attractiveness, I never let it cloud my interactions, ensuring sincerity at all times. Being overly driven is not my style; I believe more in enjoying the journey than rushing towards the destination. My lack of interest in yoga promises no boring yoga class dates. Care to explore life with me?"
524349652669,"Sincere, attractive, and filled with the right amount of humor and ambition—that's me. From artsy expeditions and theater outings to nights out clubbing, I'm always up for a fun time. I'm a devout movie-goer, an avid art enthusiast, and quite the foodie. So, shall we adventure together over a shared love for exciting experiences and the zest for a meaningful life?"
163984239808,"You know that guy who's always shouting at the TV when the game is on, well, that's me! But, I'm not your typical jock. I'm as comfortable in front of a PlayStation or with a book, as I am on the sports field. My taste in music is diverse and I'm not afraid to break out some yoga moves (my instructor says I have great form!). I believe in being honest, sincere, and having a knack for cracking jokes that can lighten up any situation. I rank pretty high on the looks department according to myself, but I think my intelligence steals the show. My perfect date would be an evening at an art museum followed by a hearty meal at a local bistro."
787025322133,"A cheeky mix of sports fanatic and club kid, with a soft spot for dining, theater, movies, and music. My intellectual conversations are the secret sauce to my never-ending humor. Being ambitious and sincere makes me a great catch, while my attractiveness adds a hint of charm. Remember, laughter is the indisputable key to the heart and I luckily have a library of dad jokes at my disposal."
465500010421,"A day spent without some sporty-action or the hum of the TV feels incomplete to me! With a healthy love for exercise and the outdoors, I enjoy hiking and always ensure to keep my body in motion. A modest connoisseur of movies and an amateur gamer, I always have a story to tell. Not the most frequent visitor to art museums or concerts, but with the right company, who knows? My wit is my charm and sincerity my strength. I promise to make you laugh till your sides hurt and maintain the utmost honesty in our relationship."
712660052731,"Ever witnessed the magic of mixing TV, sports and dining? That's pretty much my weekend scene! While my love for art and museums doesn't run far, I enjoy a good movie and music session. They say humor is my best trait, and trust me, it helps lighten even the most intense game nights. Looking for someone to cheer on my team, and maybe cheer me on as well?"
190134196290,"Fueled by a passion for all things creative, I find joy in the preservations of museums and the stroke of a paintbrush. Graduated from the school of life with a degree in heart, humor and humility. My love for food makes dining out an exciting adventure and my taste in concerts reveals an air of classic and contemporary alike. You will always find a book in my hand because, hey, reading is the lifeblood of intelligence. I may not be the most outdoorsy guy, but a good hike never fails to connect me back to nature. How about we explore this world side by side?"
660622561882,"An art-loving, concert-goer who cherishes fine dining with an affinity for hiking and reading. Theater is a big part of who I am, and museums are my haven. I pride myself on my smarts and humour, and believe kindness and ambition are the sexiest traits anyone can possess."
773972229250,"Buckle up, here's a whirlwind tour of who I am: I have a fire in my spirit for sports, and the roar of a crowd watching sports on TV is music to my ears. Keeping myself fit is my little project, but I find my real jolt in the electric buzz of the clubbing scene. Gaming is not just a hobby but a passion, and so is sinking into a good book. I can't resist the charming allure of the silver screen and have a tune forever dancing on my lips. Oh, and my mind - sharper than Occam's Razor. You'd want a witty and ambitious spirit by your side! Now, are you game?"
956484892248,"Versatile. That's what best describes me. Living to eat, keeping a cherishing bond with music, and working on my fitness. Did I mention my love for TV, movies, and theatre? Ah, and the knack for shopping every now and then! I assure my company will never bore you with my admirable charisma, candid sincerity, intelligent conversations, jovial humor, and a streak of ambition. An interesting blend, isn't it?"
891006380882,"o 5)Your search for a sincere, ambitious yet appealingly funny partner ends here! Addicted to adventures, be it hiking a tough trail or just exploring the genres of art, I am an amalgamation of varied interests. From radio plays to theaters, concerts and museums. I like to keep fit with yoga and my taste buds tantalized through dining.  An intelligent conversation and a sense of humor? You got it. Now, let's paint this canvas of life with beautiful colors!"
706154619333,"I excel in three things — staying fit, dining, and being sincere. The really fun stuff happens when I mix these all in, like a fitness class ending in a home-cooked meal, or a museum date filled with honest, interesting conversation. We'd likely end our outing listening to music or watching a play, as my love for theater is unmatched! If you're into someone who rates highly in intelligence, humor, and ambition — you might just be my match."
955590155644,"Fluent in the language of fine dining, seasoned in art appreciation, and with a constant rhythm of music flowing through my veins, I constantly seek to satiate my intellectual and cultural cravings. From the abstractions of modern art museums to the sweeping dramas in theater, my interests are as varied as the world is big. I enjoy losing myself in a gripping novel or relaxing to the soothing flow of an orchestras symphony one moment, then unveiling the hidden stories in a fine dine the next. A fitness lover, I maintain balance by investing in yoga and occasional hiking, embracing the tranquility they impart in my life. Considered attractive, intelligent, and with a humor that never fades, I carry an ambition that rivals the best."
206632090805,"They say variety is the spice of life and my interests span from the stadium to the art gallery, from the dining table to the hiking trails. I carry a heavy shopping bag (I'm a 9 on the shopping scale!), and pack a strong punch of humor, ambition, sincerity, attractiveness, and intelligence. Looking for someone who can keep up with my pace, be it on a jogging track or in a spirited debate."
285067538828,"Value health, culture, and humor. Devotee of sports, be it on ground or TV. Equally swept off my feet by art, museums, and the magic of theaters. A foodie at heart who loves dining, and an adventurer who loves to explore the outdoors through hiking. Not a hardcore gamer or clubber, but definitely a shophopper and a yoga enthusiast on the side. My self-reported attractiveness and sincerity add charm to my vibrant interests, creating a lively mix of passion and intellect."
393378266961,"Folks say I am a high-energy guy who enjoys the outdoors, sporting events, dining out, arts, concerts, and even shopping and yoga. I pride myself on intelligence, humor, and ambition. Whether it's curling up with a new book or tackling a rocky mountain – my interests are as diverse as they are exciting. Is there any way you can keep up?"
169699673541,"Are you a film lover? Do Sherlock Holmes' mysteries intrigue you? Do you like to control the console while gaming and do you enjoy tasting the finer things in life? If yes, then you may have found your teammate! As a person, I'm a blend of sincerity, ambition, intelligence and a great sense of humor. Let's enjoy life's simple pleasures together with a grand laugh or two!"
756287944750,"Born sports devotee, sworn in as a music and movie lover. I take time out for exercise, enjoy dining at new places, and harbor an eclectic interest in museum and art. Gaming, clubbing, and theatre may not be my strong suit, but my intelligence, humor, and ambition won’t disappoint you. And, hey, while I may not be the most attractive looking guy out there, I'm an average joe with charming quirks you'd grow to love!"
623509472247,"Whether it's the noise from a crowded club or the soft rustling of pages, I find music in everything. My life runs on a pretty sweet cocktail of sports, movies, reading and the occasional fine dining. I'm attracted to open minds and good conversations. Equally at home in a concert or an intimate book club. I’m genuinely funny, with sincere ambitions. Let's share a laugh together."
800558653428,"Care to join me on a hike, delve into a good book or explore a museum together? How about experiencing the magic of theater, the comforts of an engrossing movie or the transcendental power of music? Or maybe, if you're feeling adventurous, engage in a good old fashioned sports or exercise showdown? Intelligence, humor, and ambition - these are my currencies. If you deal in the same, we might just hit it off!"
250547850958,"Not a huge fan of yoga, nor do I spend Saturdays at art museums; I'm more of a sports n' hiking kind of individual who enjoys catching up on Netflix shows, gaming online with friends, and unwinding with a good book. You'll often spot me dancing at a club or being the last one to leave the movie theatre! If my charm and sense of humor don't get you, my sincerity, intelligence, and ambition sure will. No harm in swiping right, right?"
273446529503,"Always on the court, unless in a museum admiring art. Fitness enthusiast by day, dining aficionado by night, clubbing doesn't start without me. Intelligence, humor, and ambition are my closest pals but my love for sports, exercise, and shopping keeps me energetic. Let's explore together, write a new story and paint the town red with our rhythm."
851794912865,"Who's up for a football match or workout session? Just as eager for a museum tour or movie date? That's just part of my world. I appreciate well-cooked meal or a night out clubbing. Video games? Count me in. I believe myself to be attractively intelligent, sincerely ambitious and humorously charming. Only one way to find out, so why not swipe right?"
787661791728,"An engaging blend of active, passionate, and intellectually curious, I love to challenge myself physically or be it my mind. Count me in for any sports activity, hiking, or even an evening at a club. I consider myself an explorer of tastes, art, and minds. So a perfect date could range from a sublime dinner, a visit to a museum, discussing a great book or a TV series. By the way, I hear I'm reasonably attractive, with a sincere sense of humor and an undying ambition."
454783133822,"A perfect day for me would look something like this – a morning jog, a good book, a visit to the museum, exploring new delicacies, and an evening with Mozart or Beethoven. Yes, I am an art lover, a TV sports enthusiast, and an occasional clubber. Known for my sincerity, that's only outmatched by my ambition, I consider myself pretty attractive. I am also into movies, concerts, music, shopping, and find tranquility in practicing yoga. So, if you think we share common interests, wouldn't it be a sight seeing the world through each other's eyes?"
449562007396,"Never underestimate the power of yoga and hiking - the elixir for my perpetual energy and positivity. Welcome to my somewhat balance-off lifestyle; one side is full of physical activities, the other side indulges in intellectual pursuits like exploring museums, reading, theater, movies, and concerts. I'm not much of a couch potato, my TV and gaming companions will tell you. Humor-filled, ambitious, and hopelessly sincere, I believe in having fun while aiming for the stars."
968171160087,"If life is a canvas, mine would be splashed with the rich hues of dining, museums, and art. There'll be a sprinkle of theater, movies, and concerts too, with just a hint of clubbing. I'm attractive (I mean, so I've heard!), sincere, intelligent, and funny with a side of ambition. Seeking a mind-at-heart who is ready to explore the captivating art of life, one brushstroke at a time."
257173025309,"What’s going on? I’m someone who loves breaking a sweat with some sports or exercise, indulging in TV time, or getting lost in books. Also, count me in for some cinemas, museums, and theatres and don’t get me started on my love for music. To get the quirk going, combine all these workouts and art with some shopping galore and voila! Humor is as essential to me as sincerity, intelligence, and ambition. If you’ve been waiting for someone who’s honest, diverse, and with a spice of everything, here I am!"
424542132644,"Balancing an 8/10 attractiveness (if I may say so myself) with an equally appealing intelligence quotient, I might just be the all-rounder you're looking for. My love for art, museums, and theater is only rivaled by my enthusiasm for dining, the great outdoors and pumping up the adrenaline with some cardio. Easily entertained with a good book, movie, music, or TV show, my interests are diverse and many. And while the virtual world of gaming doesn't appeal to me, the physical world is my dance floor with an interest in clubbing at a 7/10."
899077192767,"Perfect days for me involve gallery-hopping, exploring new trails, and satisfying my foodie side by trying out exotic meals from the best restaurants in town. I'm a music enthusiast and love attending live concerts, so if you're a fellow fanatic, hit the right note and we'll sing along. My laughter is infectious. You're warned. I reckon myself as attractive, sincere and highly intelligent, but I am especially noted for my sense of humor and ambition, which is a testament to my lifestyle. Are you part of club lifestyle? Let's link up!"
404123100973,"Living in technicolor through my love for art, culture, and slightly louder music! With a self-assessment of 9 on the intelligence and sincerity scales, I take pride in my discerning taste. On any given day you may find me wandering through a museum, engrossed in a book or enjoying a good movie. Fitness-wise, yoga is my go-to for peace and tranquility. And who would say no to dining out once in a while? The journey of life is all about striving, learning, and yes, having a good laugh despite that only being a 5 on my humor scale. It's a big, beautiful world out there. Let's explore it together, one passion at a time."
450646113847,"Looking for a partner-in-crime to conquer art galleries, restaurants, music concerts and gyms. I'm a fan of the finer things in life, like a good book, a cinematic masterpiece, or a perfectly cooked meal. Still figuring out yoga, but at least it's making me more flexible for reaching my ambitions and aspirations in life!"
822373702876,"Ever wondered what it'd be like to date someone who dines like a king, hikes like a pro, and can discuss the latest graphic novels or art exhibits with gusto? Well, look no further! I take pride in my sincerity, intelligence, and humor. In a world where ambition is often frowned upon, I embrace it wholeheartedly. Let's go on a culinary journey or discuss the impact of art and literature over coffee, and if you're up to it, join me on my next hike!"
577695567174,"Fierce admirer of Monet, enthusiast of live beats and silver screens, I am a combo of wit and sincerity. I exist in a world full of club beats, classic movies, and breathtaking concerts but could never resist a quiet evening over a TV show. Not really into sports but more into enhancing the mind and aesthetics. Believe me, my humor and intelligence would make our conversations compelling!"
386978855654,"Embrace your Zen, especially if it includes sports and arts. A fitness and culture enthusiast, I live for the joy of exercising and diving into a good book. A believer in laughter as the best medicine, I infuse my world with humor and ambition. Looking for like minds who see the beauty in art galleries, the adrenaline rush in sporting activities, and the transformative power of a great movie."
690193996734,"Greetings! I'm your so-not-typical thrill seeker who enjoys hiking trails, navigating through gaming labyrinths, and getting lost in the realm of books. I'm as much at home in an upbeat club as I am at quaint theatres. I'm an art lover, a music enthusiast, a fine dining lover, and a movie buff. I might score low on sports or yoga, but high on humor, ambition, intelligence, and sincerity. Let's explore, learn, grow and make unforgettable memories together."
238851047973,"Balancing the thrill of sports with the tranquility of art, I'm all about those contrasts. Sporty during the day, arty by the night, and a relentless reader throughout; it's not a routine, it's a way of life. My intelligence may be just like the guy next door but my sense of humor and sincerity isn't from around the block. I'm not the dreamy-eyed hero from the romcoms but I'm just as authentic. Looking for someone who values inner beauty over picture-perfect looks and lives every moment with joy and curiosity!"
176223028705,"consider myself well-rounded - a lover of sports, a patron of the arts, and a gastronome all bundled into one. I delight in exploring hiking trails, soaking in art from around the globe, and treating myself to fine dining. Which I balance with ample reading and music to keep my spirit elevated. I've been described as attractive, intelligent, humorous, and ambitious - qualities I think the world definitely needs more of right now! Don't be disappointed though, gaming and TV sports definitely don't make it to my list of interests."
220725691394,"I often get lost in intriguing books and engrossing movies, and I hope to share this joy with an equally passionate soul. Beyond this, physical health and dining delectably are two of my primary proclivities. I'm attractive inside and out, witty, sincere, intelligent, and ambitious. Are you ready to embark on a stimulating journey with me?"
574252523900,"A sports devotee, television enthusiast, aspiring gamer, and more. Navigating the vast arenas of varied interests, my life is never short of excitement. Fitness, good dining, devouring the latest best-selling novel - these aren't just pastimes, but passions. Imbued with a sense of humor, ambition and a self-assessed rating of attractiveness, let's connect and see what the score is. Ready for the play?"
898384458685,"Playing games and hiking trails equally well, I am a fan of both indoor and outdoor lifestyles. A lover of art and museums, a good book is always my companion on most days. Although my love for dining and clubbing isn’t far behind. Consider it a perk if you are a sports lover. A funny and ambitious individual seeking someone who can appreciate my varied interests."
874414186570,"What am I about? Well, I'm about Vincent Van Gogh and Michelangelo. I'm about the thrill of standing in the front row of a concert, feeling the music reverberate in my chest. I'm about delicious dinners, scrumptious brunches, and exquisite wines. Whether it's a good play, a great movie, or a compelling book, immersive storytelling sparks joy in me. But, it's not all about art and culture; I love a good dance, be it in a club or my living room. I'd describe myself as intelligent, sincere, attractive, and humorous, with a smidge of ambition thrown in for good measure."
614061135858,"Hello there! I'm a dichotomous blend of an impassioned theater lover, a closeted cinephile, and a music enthusiast. If I'm not found curled up and engrossed in a good book, I might be exploring a bleeding-edge modern exhibit or savoring exquisite cuisines. I rate myself highly on the authenticity and attractiveness scales. If you're seeking someone with an empathetic soul and a sharp wit, I'm just one swipe right away!"
126672048809,"Sports lover, gamer at heart; a high scorer in life at 8 for attractiveness, sincerity, intelligence, and am also credited with a sense of humor that reaches a whopping 9. I value the arts and often find myself lost in the beauty of art museums. My joy for clubbing is only rivaled by my passion for hiking, so let's level up this game of life together!"
332929211588,"Warm and athletic with a healthy dash of drive. First and foremost, I'm a sports lover. Can't get enough of a good match on TV or working up a sweat outdoors. Having a four-course meal at a cozy, elegant restaurant or sinking my teeth into an intense action thriller is my kind of sweetness. Hiking not only brings exhilaration but my much needed reflective solitude amidst nature. Above all, I value my sense of humor which I believe is my superpower, along with my wondering intelligence, and healthy self-esteem."
122967245670,"Ever fancied a sports-lover with an equal liking for fine dining? Or perhaps a hiking enthusiast who also revels in a gripping read or an enticing film? That's me in a nutshell. With a generous 8/10 in physical appeal, sincerity, and intellect, and a practically off-the-charts humor quotient, I bring a wholesome package to the table. Oh and did I mention my high ambitions? Meet you on top?"
219584770821,"uper vibrant and engaging personality that sports a healthy intellect. Life's excitement for me lies in getting active on the sporting field, digging into delectable cuisines, hiking through nature, or letting loose in clubbing beats. You'll find my theatre pass to be well worn, the pages of my novels well turned, and every local museum well frequented. Yoga is my secret ingredient to maintain emotional balance and healthful living."
780491388712,"I’m that person who’d rather pick a gripping novel over a flashy club. My heart sings in tune with a delightful movie or an intriguing work of art. Dining out is my passion and a candy crush-style gaming is my secret guilty pleasure. Despite my affinity for intellectual pursuits (reading, theater etc.), don't trust me to fix your computer or explain quantum physics!"
554121166498,"A blend of artistry and athleticism, that's me in a nutshell. I could spend hours exploring the hallways of museums or toiling away on the sports field. After the exhausting day, I love to unwind with a theater play or an enthralling movie. Blessed with humor and sincerity, people tend to find my company warm and uplifting. Life's a great balancing act, and I'm enjoying every bit of it."
314595423781,"A lover of all things dining, museums, art, reading, movies, concerts, and music. They say I'm self-aware, intelligent, funny, sincere, and ambitious: a perfect mix, right? You'll often find me in the most chic restaurants around town, or burying myself with an interesting book at a corner of the local museum. Passionate about movies, concerts and music, I believe in the power of artistic expression. Up for a movie marathon or a concert date? I might just be your match!"
980062689358,"Allow me to put it straight: I am an art-loving intellectual with a penchant for nature walks. Believe me, a hike with me won't be boring with discussions on Picasso's masterpieces and Spielberg's storylines. You definitely wouldn't catch me near a gaming console or a club late at night. But in my comfort zone? That's where intelligence meets charm, ambition meets sincerity, and interests range from dining to theater."
397187481462,"Proud fitness advocate, high-scorer on the attractiveness leaderboard, and avid art lover; that’s me in a nutshell. My diverse interests may lead me to a challenging hiking trail one weekend and an electrifying concert the next. I’m equally comfortable gaming or unveiling an intriguing plotline of a newly discovered book. Humorous, intelligent, and sincere- I bring the fun to the party without much effort. If you’re someone who values such a mix, reach out!"
162644004488,"hile creating all the bios, I took into consideration that the client has high self-reported attractiveness, sincerity, intelligence, humor, and ambition which shows their confidence and can be indirectly reflected in their bio."
103285621267,"Imagine a guy with high intelligence, a stimulating sense of humor, and attractive looks to boot. Add a persistent ambition, a dynamic interest in exercise, literature, dining, music, and even the occasional night out clubbing. That's me! As you browse through my profile, you will see someone who finds joy in myriad things, someone who is as committed to personal development as he is to making every second of life count."
543128143029,"When I am not savoring the flavors of the world or painting onto the canvas of life, you'll find me engrossed in a book, a movie, or a theater play. I'm a music lover who enjoys a good shopping spree and yoga stretches. Attractiveness, sincerity, intelligence, humor, and ambition are the colors I've painted myself with. Want to be a part of this captivating portrait?"
833339983746,"I'm a sports lover with an equal passion for TV sports and exercise. A regular weekend would find me at a sports bar or breaking a sweat at the gym. I am also a self-confessed food lover, with an avid interest in fine dining. When I am not enjoying a playoff, you can find me at an art museum, losing myself in the depth of contemporary art. Not one to shy away from a lively night out, I'm the life of the club with my dance moves. I end my day in quiet comfort with a good book. I believe my attractiveness lies in my sincerity, intelligence, humor, and ambition."
499545071444,"I'm a lover of art, an intellectual at heart, and a social butterfly with a reputation of being sincere and ambitious. Frequently found at concerts, theatres, or the latest hot spot club. Not indifferent to the latest video game, but I’d rather discuss the contemporary art piece that stole my heart. I'm as comfortable at the museum or dining out, as lacing up my shoes for a day out hiking or a yoga session. If you're looking for someone with an 8/10 attractiveness index (self-proclaimed) and a 10/10 intelligence and humor quotient, swipe right and let's explore the world together."
450412992626,"itnessing the beauty of art in museums, relishing the satisfaction in reading a good book, enjoying the allure of theater, or simply thriving in the rhythm of the night with good music — that's a snapshot of my life. Add in a bit of yoga, and there you have me. But wait, did I forget to mention many perceive me as attractive, intelligent, sincere, and humorously ambitious? Well, now you have the full picture."
897109477567,"I am: An avid art enthusiast and a music lover who enjoys evenings at museums and theaters. I also have a knack for clubbing and dining. Movies and concerts are my jam! Love a good book and a relaxing evening in front of the TV. My friends call me witty, ambitious, and I believe in sincerity and intelligence. I'm also a bit of a fitness enthusiast enjoying hikes and exercises."
741070561091,"Hey there! My interests may appear as wider as the ocean, but aren’t we all multifaceted? A sporty guy who also has a keen interest in tv sports, exercise, dining, and even has a soft spot for art and museums. My idea of a good time also involves hiking, gaming, clubbing and reading. I am a big fan of tv, theater, movies, concerts, and music- basically, anything that caters to my creative side. I might not have the best shopping skills or yoga postures, but hey, I make up for it with my sincerity, attractiveness, intelligence, humor, and ambition. Sounds like a roller-coaster of fun, doesn’t it?"
832315252781,"Love to keep things active and lively—from being a sports enthusiast to a foodie with a knack for keeping fit, adding sweetness with some clubbing and lounging at TV. I enjoy movies and concerts along with a good shopping spree. Considered handsome and ambitious, my sincerity, intelligence and humor make me highly irresistible. How about we team up for this fun ride of life?"
282937911943,"Art aficionado, proud exercise enthusiast, foodie at heart - that's me in a nutshell. Hitting the hiking trails during the day and later immersing myself in the theater or the tunes and energy of a live concert - it's all about balance for me. Critical thinkers and laughter lovers will find a strong ally in me because my intellectual side amusingly operates on high octane. Shopping might be my secret superpower; call it retail therapy or simply the appreciationfor the finer things in life! Did I mention my penchant for Yoga? Helps me keep that Zen attitude, especially when negotiating with the spiders in my flat."
541611059870,"Looking for a colorful canvas of life experiences, offering a spectrum of interests from fine dining to clubbing, from art exploration to diving into an intriguing book? I'm your match! Topping it all with the condiments of humor, intelligence, and ambition, and served with a generous side of music, theater, and film love. Don't forget to sprinkle some shopping spree and yoga love! Interaction promised to be as witty and fulfilling it gets."
663426305326,"I'm your sports-loving, book-devouring, fine-dining aficionado who delights in thought-provoking art and museums. You'll find more than a dash of ambition, sincerity, intelligence, and attractive charm in me, coupled with a wicked sense of humor. Seeking a companion who wouldn't mind grooving at a concert, laughing at my jokes, and walking hand in hand down the aisles of history in museums."
647712654568,"Sport fanatic, dinner enthusiast, concert goer sums up my passions. I feel at home when I put on my sneakers and head outdoor for the ultimate sweat, but equally satisfied when indulging in a delectable meal. My love for TV sports matches my passion for live music. Along with my strong intelligence, defined sense of humor, and steady ambition, I am ready to explore this world of dating. Sound about right? Let's conquer this together."
561319501263,"Bonjour! I'm an adventurous spirit, who enjoys the thrills of hiking, a great football game, or a high-intensity workout session. I delight in a good movie, enjoy energetic music, and never miss a chance to attend a concert. In terms of my personality, I like to think I'm attractive, sincere, intelligent with a good sense of humor and an ambitious streak. Let's create an exciting storyline together!"
249694674562,"Lover of all things intellectual, my interests range from burying my nose in a good book to devouring the latest Netflix series. For someone with a self-reported humor and ambition rating of 6/10, I can confidently tell you that I'll keep you laughing and always be striving for more. Although not quite a fitness enthusiast, I do manage to keep active with the occasional exercise and gaming. As a budding culture vulture, I keep my love for museums, art, theatre, and concerts alive. Described as sincere with a personal attractiveness rating of 4 (modesty is key, right?), I'm just as comfortable at a movie night as I am exploring city life."
248910540851,"Intelligence is my second name, so don’t be surprised if I delve into deep conversations about art, music or theater. My love for exercise also keeps me fired up and fit. I'm as happy scaling mountains as I am exploring modern art or lost in a sea of books. If you like a good laugh and appreciate sincere people, swipe right."
965464370378,"I believe in doing everything with a touch of sincerity, intelligence and with a good humor. Life’s too short not to feast well, so you'll always find me enjoying the vast flavors of the world with a good dining experience. Art and museums are my forte, but don't be surprised to see me cheering at a sports match. And let's not forget the one constant in my life- my love for music."
891400566773,"Self-proclaimed aficionado of dining, literature, music, and cinematic experiences, with dialed-up sincerity to boot! My intellect is well-matched by my humor, and my ambition keeps me striving for more. With a self-reported attractiveness of 6.89, I'm all-round. Seeking someone who appreciates an eloquent conversation, a delicious meal, an enigmatic book, and a touch of humor."
679117384151,"icture this - a sports fan, a movie aficionado, and an adventurous foodie rolled into one. That's me. I enjoy visiting museums, dabbling in arts and getting lost in the world of books. I am club friendly and shopping keen. If you're looking for an interesting combination of intelligence underscored with humor and ambition, you're at the right profile. Let's connect and explore the fine tangents of life together!"
758074869557,"Howdy, adventure seeker here! Rated an 8.13 on the fun scale (yes, I just made that up). Been told I tick the attractiveness box and not just for my looks but also for my wicked sense of humor, ambition, and intelligence. Movies and theatre are my thing, and nothing beats a good concert. Hobbies include reading, hiking, and art but also love hanging out at clubs now and then. Who knows, we might have lots in common?"
238957697401,"Picture this: A warm, relaxing evening at a rooftop restaurant (Interest in dining 7.71/10), nice and smart conversation (self-reported intelligence 7.66/10), enjoying sounds of a street musician playing the classics (interest in music 7.80/10) - that's my idea of a perfect night. I'm a sucker for good movies (Interest in movies 8.12/10), cheesier the better. When I'm not dining out or at a concert (interest in concerts 7.02/10), you can find me hiking (interest in hiking 5.12/10) or immersed in a new exhibit at a museum (interest in museums 6.73/10)."
215862483279,"Allow me to take you on a virtual tour of my life: early morning hikes, midday gaming sessions, followed by late afternoon museum visits, and dinner at my favorite dining spots. I'm a heart-throb with a 7.8/10 self-rated attractiveness (but who's counting?), sincere and ambitious in my pursuits, and filled with a vivacious and infectious sense of humor. When night falls, you might find me at a club, or settled indoors with a splendid book, poignant movie, or intriguing theater play."
386144918766,"I thrive on ambition, intellect and a healthy dose of humor. Music fuels my soul, and my playlist includes everything from indie folk to classic rock. Looking for the perfect reading corner in the city or watching the latest blockbuster is my kind of thing. I am drawn towards art and history, and don't mind spending hours in museums. If you enjoy unwinding at concerts and keeping up with books, we might just hit it off!"
878219094645,"At the art of who I am, you'll find a penchant for sports and exercise, coupled with a love for the allure of museums and art galleries. Dining and reading fill the nooks and crannies of time in between. A night at the movies and concerts harkens for me like a siren's call. Ambition and sincerity walk hand in hand as I approach all of these with a heart full of humour. You can call me an enigma wrapped in a mystery, or you can simply call me [your name here]."
499896260763,"Drawn to the realms of art, dining, sports, and the vastly fascinating world within books. I am a regular visitor to theaters and museums, always seeking to broaden my mind through sophisticated exploration. My appeal isn't just skin deep - I believe in the charm of sincerity, the power of intellect, and the allure of ambition. With a soundtrack of laughter accompanying my every move, the world around me turns into a joyous celebration of life. Whether in the midst of a movie marathon or a shopping spree, I find joy in every twist and turn of the journey."
670913776787,"Basically 50% bookworm, 25% movie buff, 15% music lover, 10% adventurer with a flair for fine dining. An aficionado of multiple art forms and always on the hunt for new museums. Also, if you're a fan of good humor and an ambitious character, we're already on the right track!"
805056771002,"Hey, if you're the kind of person who thinks a day at the museum followed by a cozy night in with a good book or movie sounds like a great day, then we might have something special. My high self-reported sincerity and intelligence, backed by my friends, are things that make me, 'me'. I'd often like to sweat it out with some sports or exercise, or even go clubbing once in a while. Does this sound like your kind of mix?"
480879945117,"An art enthusiast with a passion for exquisite dining, the sound of a crowded concert, and the calm solitude of a good book. I love pushing my limits: whether that's trying a challenging new hiking trail or perfecting my online gaming tactics. I'm proud of my attractively cultivated sincerity, intelligence, and ambition. If you enjoy deep conversations over a curated Spotify playlist, or that elusive blend of movie theatre popcorn and m&ms, we might be a match."
916037493576,"I am a gifted amalgamation of charm, humor, intelligence and a good host at dinner parties. Point me to the nearest museum or the latest blockbuster, and I'm all in. My love for music is as diverse as my love for reading books. I believe in being active and my routine includes sports and exercise, fostering both mental and physical health. I am no Picasso, but I appreciate the beauty of art in all its forms. Looking for a deep connection with someone who values sincerity and ambition just as much."
742603983348,"Lights! Camera! Action!"" - the words that excite me the most! I'm a big-time movie and music buff, who also enjoys the peace of museum galleries and the thrill of unexplored dining scenes. If you love a good book recommendation, I'm your person. I stand strong on my intelligence scale at 7.6/10 and compliments about my humor never get old. Did I mention my irresistible attractiveness at a cool 6.9/10?"
601605091641,"A charming blend of intellect and humor, I often find myself charming the gallery. I love to dine, read, and indulge heartily in exploring the arts. You can find me at the theatre, an art appreciation event, or a movie screening on a typical day. When the adrenaline rush calls, I often find myself hiking or sometimes clubbing with friends! Looking for someone who values sincerity, ambition, and a splendid sense of humor."
589323853010,"In my life, art, fine dining, movies, and music play a starring role. I am staunchly sincere, ambitious, bright, and according to most, a walking laugh factory. When not dining out or enjoying an art exhibition, you might find me catching a sports game, hiking, or sometimes even at a club. Hoping to meet someone who enjoys all of life's spices."
939389187628,"could be your buddy who brings the popcorn and humor at movie nights, your companion debating the latest art piece in a museum, your teammate at the sports session, or your partner at the dining table. Keen on reading, a lover of music and a firm believer in my determination and sincerity, I find joy in simple things life brings. Intelligence wrapped in wit and humor - that's what you'll find in me. If the thought intrigues you, how about we explore the world together?"
441945911655,"Honestly? It's all much simpler than it sounds. Picture this. A Sunday morning hike, concluding with a well-deserved brunch, followed by an afternoon spent soulfully perusing the aisles of a tranquil museum. Cut to a cosy evening curled up with a good book, and the soft hum of a favorite song in the background. Sounds like something you'd enjoy? Well, that's what an ideal day is like for me. An appreciation for dining, theater, and music, with a dash of intellect, humor, and sincerity, sounds like a successful recipe for compatibility to me."
626373004458,"Not your typical gym geek, but never skip a chance to break into a sweat. Artsy type who savors both the stage and street art, but can be easily swung into a night of clubbing. More of a spectator when it comes to sports, but thrill me with a good book and our friendship is sealed! Shopping and yoga are more fodder for my soul, but don't let my 5.7 shopping habit scare you away – I love a good bargain. Have a thing for museums and dining places we can explore together. Laughter on me, rated 8.3/10."
